"Name","TeamAbbreviation","GamesPlayed","Minutes","FTA","Technical Free Throw Trips","TwoPtShootingFoulsDrawn","2pt And 1 Free Throw Trips","ThreePtShootingFoulsDrawn","3pt And 1 Free Throw Trips","NonShootingFoulsDrawn","ShootingFoulsDrawnPct","TwoPtShootingFoulsDrawnPct","ThreePtShootingFoulsDrawnPct"
"CJ McCollum","POR",70,2556,185,11,77,18,3,1,16,0.056457304163726185,0.08527131782945736,0.005836575875486381
"Devin Booker","PHX",70,2512,509,33,181,36,5,0,69,0.1297976273551989,0.17572815533980582,0.01240694789081886
"James Harden","HOU",68,2483,800,37,256,60,72,14,62,0.18459796149490373,0.2952710495963091,0.0778642936596218
"Harrison Barnes","SAC",72,2482,267,2,121,23,2,0,20,0.13773796192609183,0.1942215088282504,0.007407407407407408
"Damian Lillard","POR",66,2474,518,24,126,35,40,6,85,0.11261872455902307,0.16449086161879894,0.05649717514124294
"Tobias Harris","PHI",72,2469,216,14,104,33,0,0,14,0.08360128617363344,0.11724915445321307,0
"P.J. Tucker","HOU",72,2467,48,0,11,2,0,0,14,0.02528735632183908,0.08088235294117647,0
"Shai Gilgeous-Alexander","OKC",70,2429,357,1,147,35,1,0,47,0.13120567375886524,0.1678082191780822,0.003968253968253968
"Bam Adebayo","MIA",72,2417,382,0,173,42,0,0,39,0.18783930510314875,0.19073869900771775,0
"Donovan Mitchell","UTA",69,2364,322,13,111,24,15,4,37,0.0875,0.11610878661087866,0.030991735537190084
"Nikola Jokic","DEN",73,2336,301,7,106,26,1,0,53,0.09288194444444445,0.11830357142857142,0.00390625
"Rudy Gobert","UTA",68,2333,403,0,181,34,0,0,38,0.2571022727272727,0.2571022727272727,0
"DeMar DeRozan","SAS",68,2316,451,19,214,51,1,0,27,0.17724649629018963,0.18181818181818182,0.027777777777777776
"LeBron James","LAL",67,2316,381,4,184,68,0,0,39,0.12966878083157152,0.1851106639839034,0
"Jayson Tatum","BOS",66,2265,313,11,134,24,3,0,25,0.10164424514200299,0.15455594002306805,0.004246284501061571
"Buddy Hield","SAC",72,2216,136,16,31,7,15,2,12,0.03836530442035029,0.06224899598393574,0.021398002853067047
"Devonte' Graham","CHA",63,2211,233,4,71,18,14,3,35,0.0827653359298929,0.16473317865429235,0.02348993288590604
"Chris Paul","OKC",70,2208,279,13,32,12,6,4,102,0.041804180418041806,0.05306799336650083,0.0196078431372549
"T.J. Warren","IND",67,2202,204,7,102,38,5,2,10,0.10056390977443609,0.12215568862275449,0.021834061135371178
"Duncan Robinson","MIA",73,2166,72,8,12,4,11,3,9,0.032716927453769556,0.1348314606741573,0.017915309446254073
"Terry Rozier","CHA",63,2164,190,25,51,15,13,5,26,0.0649746192893401,0.09205776173285199,0.030162412993039442
"Domantas Sabonis","IND",62,2159,296,0,131,32,0,0,33,0.13833157338965152,0.14886363636363636,0
"Collin Sexton","CLE",65,2143,267,8,104,27,3,1,36,0.09106529209621993,0.1145374449339207,0.0078125
"Robert Covington","HOU",70,2137,124,0,48,12,10,4,9,0.07581699346405228,0.17204301075268819,0.0205761316872428
"Joe Ingles","UTA",72,2137,94,1,26,5,2,0,20,0.04861111111111111,0.11764705882352941,0.005633802816901409
"Anthony Davis","LAL",62,2131,525,32,173,49,8,6,93,0.14742014742014742,0.17265469061876249,0.0319634703196347
"Joe Harris","BKN",69,2123,89,2,28,7,4,0,13,0.03955500618046971,0.07017543859649122,0.00975609756097561
"Trae Young","ATL",60,2120,559,25,160,31,43,5,64,0.14336158192090395,0.19753086419753085,0.07095709570957096
"Dorian Finney-Smith","DAL",71,2120,108,0,50,10,0,0,9,0.08896797153024912,0.19305019305019305,0
"Jrue Holiday","NOP",61,2117,182,6,73,24,8,0,15,0.0761994355597366,0.10296191819464035,0.022598870056497175
"Dillon Brooks","MEM",73,2112,203,16,84,20,8,4,13,0.0801762114537445,0.11650485436893204,0.016908212560386472
"Pascal Siakam","TOR",60,2110,303,5,141,38,0,0,27,0.11681855840927921,0.167458432304038,0
"Brandon Ingram","NOP",62,2104,368,12,153,38,20,7,21,0.14133986928104575,0.18500604594921402,0.05037783375314862
"Kyle Lowry","TOR",58,2098,343,27,105,20,14,1,44,0.1320754716981132,0.24881516587677724,0.029227557411273485
"Tim Hardaway Jr.","DAL",71,2091,182,7,56,11,12,6,26,0.07272727272727272,0.1346153846153846,0.023121387283236993
"Zach LaVine","CHI",60,2085,334,25,133,32,10,1,24,0.1092436974789916,0.16299019607843138,0.02028397565922921
"Bojan Bogdanovic","UTA",63,2083,277,16,105,25,5,2,34,0.10805500982318271,0.1881720430107527,0.010869565217391304
"Julius Randle","NYK",64,2080,352,2,163,42,0,0,33,0.14463176574977818,0.18191964285714285,0
"Evan Fournier","ORL",66,2076,220,10,83,24,6,1,28,0.08962739174219536,0.14981949458483754,0.01366742596810934
"Ja Morant","MEM",67,2074,308,3,139,26,1,0,25,0.13320647002854424,0.15958668197474168,0.005555555555555556
"OG Anunoby","TOR",69,2066,102,0,42,12,0,0,15,0.07046979865771812,0.11413043478260869,0
"Bradley Beal","WAS",57,2053,457,26,189,40,8,1,36,0.13502398903358465,0.19464469618949537,0.01639344262295082
"Royce O'Neale","UTA",71,2049,55,0,16,4,1,0,12,0.04497354497354497,0.12030075187969924,0.004081632653061225
"Russell Westbrook","HOU",57,2049,380,10,185,46,2,0,20,0.13150492264416316,0.15327257663628832,0.009302325581395349
"Luka Doncic","DAL",61,2047,562,8,224,75,23,5,61,0.17369901547116737,0.25955967555040554,0.04114490161001789
"Mikal Bridges","PHX",73,2042,122,0,43,11,1,0,22,0.0851063829787234,0.13354037267080746,0.005128205128205128
"Al Horford","PHI",67,2026,80,0,29,8,0,0,15,0.03972602739726028,0.06487695749440715,0
"Lonzo Ball","NOP",63,2025,76,0,21,4,6,1,11,0.0380818053596615,0.06796116504854369,0.015
"De'Andre Hunter","ATL",63,2018,144,0,65,14,2,0,11,0.09103260869565218,0.1511627906976744,0.006535947712418301
"Aaron Gordon","ORL",62,2017,224,0,103,26,3,2,20,0.12544378698224853,0.1696869851729819,0.012605042016806723
"Ben Simmons","PHI",57,2017,298,0,124,24,0,0,37,0.16599732262382866,0.16756756756756758,0
"Ricky Rubio","PHX",65,2016,226,4,88,15,4,1,26,0.11979166666666667,0.16029143897996356,0.0182648401826484
"Nemanja Bjelica","SAC",72,2011,84,0,38,12,3,1,7,0.058823529411764705,0.10584958217270195,0.006230529595015576
"Hassan Whiteside","POR",67,2008,239,0,115,44,0,0,27,0.14877102199223805,0.15013054830287206,0
"Dennis Schroder","OKC",65,1999,236,7,80,19,9,1,32,0.086073500967118,0.11412268188302425,0.02702702702702703
"Nikola Vucevic","ORL",62,1998,167,0,76,23,0,0,19,0.06998158379373849,0.09535759096612297,0
"Markelle Fultz","ORL",72,1996,159,0,69,19,0,0,20,0.08394160583941605,0.10043668122270742,0
"Miles Bridges","CHA",65,1995,131,0,55,13,3,0,13,0.07268170426065163,0.1111111111111111,0.009900990099009901
"Spencer Dinwiddie","BKN",64,1994,446,11,180,36,21,4,29,0.1693480101608806,0.23529411764705882,0.04807692307692308
"Kendrick Nunn","MIA",67,1962,100,5,33,6,3,0,13,0.038135593220338986,0.06,0.007614213197969543
"Jimmy Butler","MIA",58,1959,525,12,229,48,5,0,44,0.24708377518557795,0.27926829268292686,0.032520325203252036
"Marcus Morris Sr.","LAC",62,1936,220,15,70,20,15,7,28,0.097926267281106,0.13671875,0.042134831460674156
"Jaylen Brown","BOS",57,1934,243,1,103,22,8,3,20,0.11408016443987667,0.1634920634920635,0.023323615160349854
"Kelly Oubre Jr.","PHX",56,1933,246,1,111,26,9,4,15,0.13100436681222707,0.1837748344370861,0.028846153846153848
"Fred VanVleet","TOR",54,1928,198,1,69,18,6,1,31,0.09047044632086852,0.15333333333333332,0.0158311345646438
"Marcus Smart","BOS",60,1919,152,2,44,10,10,1,22,0.07320441988950276,0.13707165109034267,0.022332506203473945
"Giannis Antetokounmpo","MIL",63,1917,629,3,304,95,2,0,54,0.2111801242236025,0.2634315424610052,0.006779661016949152
"Will Barton","DEN",58,1916,133,3,56,15,1,1,16,0.07317073170731707,0.11405295315682282,0.003472222222222222
"Danuel House Jr.","HOU",63,1913,90,0,35,8,6,0,5,0.07167832167832168,0.16587677725118483,0.01662049861495845
"Cedi Osman","CLE",65,1910,94,0,42,13,3,1,8,0.0703125,0.13249211356466878,0.009287925696594427
"Jamal Murray","DEN",59,1904,185,25,53,12,5,2,28,0.06183368869936034,0.0867430441898527,0.01529051987767584
"Carmelo Anthony","POR",58,1902,161,3,80,16,0,0,7,0.09456264775413711,0.12903225806451613,0
"Jerami Grant","DEN",71,1892,196,0,96,30,2,2,16,0.14,0.21428571428571427,0.007936507936507936
"Maxi Kleber","DAL",74,1890,93,0,42,14,0,0,12,0.07749077490774908,0.18834080717488788,0
"Terrence Ross","ORL",69,1889,184,4,29,11,40,11,18,0.07726763717805152,0.08055555555555556,0.075046904315197
"Andre Drummond","CLE",57,1878,294,0,142,31,0,0,21,0.15865921787709497,0.16511627906976745,0
"Tomas Satoransky","CHI",65,1878,121,0,51,15,0,0,17,0.0868824531516184,0.13144329896907217,0
"Jae Crowder","MIA",65,1875,125,0,31,5,14,5,18,0.07370184254606366,0.15897435897435896,0.03233830845771144
"Lou Williams","LAC",65,1864,339,13,118,26,17,0,33,0.1291866028708134,0.16549789621318373,0.05120481927710843
"Andrew Wiggins","GSW",54,1859,268,2,125,32,8,3,15,0.12360594795539033,0.16960651289009498,0.02359882005899705
"Taurean Prince","BKN",64,1857,89,5,28,3,3,0,11,0.0391644908616188,0.08408408408408409,0.004618937644341801
"Khris Middleton","MIL",62,1853,227,13,66,14,20,5,23,0.08481262327416174,0.10232558139534884,0.05420054200542006
"Jarrett Allen","BKN",70,1852,270,0,112,31,0,0,38,0.20512820512820512,0.2074074074074074,0
"Kawhi Leonard","LAC",57,1848,402,16,160,43,8,3,47,0.13386454183266933,0.17297297297297298,0.024242424242424242
"Jonas Valanciunas","MEM",70,1845,200,3,92,17,0,0,15,0.11302211302211303,0.1272475795297372,0
"Danilo Gallinari","OKC",62,1834,298,22,103,19,10,1,31,0.12417582417582418,0.22294372294372294,0.022321428571428572
"Myles Turner","IND",62,1826,169,0,86,23,0,0,10,0.13230769230769232,0.215,0
"Justin Holiday","IND",73,1826,67,1,20,4,4,1,10,0.047524752475247525,0.11695906432748537,0.011976047904191617
"Darius Garland","CLE",59,1824,72,1,32,5,0,0,7,0.0440771349862259,0.07441860465116279,0
"Brook Lopez","MIL",68,1817,152,0,75,16,2,1,7,0.10533515731874145,0.18518518518518517,0.006134969325153374
"Kristaps Porzingis","DAL",57,1814,283,15,120,29,2,0,26,0.11902439024390243,0.1935483870967742,0.0049382716049382715
"Ish Smith","WAS",68,1787,86,0,34,10,0,0,14,0.047685834502103785,0.0625,0
"Glenn Robinson III","PHI",62,1786,86,8,36,6,2,1,4,0.060995184590690206,0.08470588235294117,0.010101010101010102
"Troy Brown Jr.","WAS",69,1782,139,4,60,17,0,0,16,0.09022556390977443,0.12345679012345678,0
"Gary Harris","DEN",56,1780,92,0,43,12,0,0,9,0.07818181818181819,0.1264705882352941,0
"Kevin Love","CLE",56,1780,219,25,68,10,13,0,15,0.10150375939849623,0.17215189873417722,0.03225806451612903
"Bogdan Bogdanovic","SAC",61,1766,116,11,40,16,3,0,16,0.05422446406052964,0.11461318051575932,0.006756756756756757
"Kentavious Caldwell-Pope","LAL",69,1762,102,9,39,9,2,0,9,0.07606679035250463,0.13087248322147652,0.008298755186721992
"Kevin Huerter","ATL",56,1760,64,4,25,6,1,0,7,0.04126984126984127,0.0847457627118644,0.0029850746268656717
"Cory Joseph","SAC",72,1759,70,2,27,6,0,0,10,0.06235565819861432,0.09854014598540146,0
"P.J. Washington","CHA",58,1759,136,0,68,17,1,0,7,0.10764430577223089,0.16585365853658537,0.004329004329004329
"Josh Hart","NOP",65,1755,115,0,51,13,2,0,10,0.09265734265734266,0.2361111111111111,0.0056179775280898875
"Alec Burks","PHI",66,1754,265,6,110,23,10,4,20,0.13937282229965156,0.19855595667870035,0.03257328990228013
"LaMarcus Aldridge","SAS",53,1754,191,12,79,22,4,1,17,0.09730363423212192,0.113997113997114,0.025
"Montrezl Harrell","LAC",63,1749,351,0,185,72,0,0,27,0.2,0.2039691289966924,0
"Kemba Walker","BOS",56,1742,242,16,69,15,19,3,27,0.09176225234619395,0.14680851063829786,0.03885480572597137
"Gordon Hayward","BOS",52,1740,145,1,63,17,1,0,16,0.0856760374832664,0.12022900763358779,0.004484304932735426
"Garrett Temple","BKN",62,1730,87,2,28,10,2,0,17,0.04942339373970346,0.1278538812785388,0.005154639175257732
"Tristan Thompson","CLE",57,1722,161,0,68,14,0,0,20,0.11038961038961038,0.11467116357504216,0
"Jordan Clarkson","UTA",71,1705,165,7,56,17,16,8,17,0.07776560788608981,0.11359026369168357,0.03571428571428571
"RJ Barrett","NYK",56,1704,254,0,121,26,0,0,19,0.14720194647201945,0.1936,0
"Langston Galloway","DET",66,1702,85,15,18,6,14,7,7,0.0570409982174688,0.08071748878923767,0.04142011834319527
"Josh Richardson","PHI",55,1693,141,3,38,5,5,4,30,0.06323529411764706,0.08837209302325581,0.02
"Kent Bazemore","SAC",68,1688,147,0,56,13,4,1,19,0.10344827586206896,0.16816816816816818,0.016194331983805668
"Dejounte Murray","SAS",66,1687,114,0,54,15,1,0,9,0.08124076809453472,0.09557522123893805,0.008928571428571428
"Danny Green","LAL",68,1687,48,0,10,1,6,3,9,0.03292181069958848,0.0641025641025641,0.01818181818181818
"Steven Adams","OKC",63,1680,201,0,85,17,1,0,24,0.15722120658135283,0.15653775322283608,0.25
"Derrick White","SAS",68,1677,211,0,88,25,6,1,22,0.15161290322580645,0.22055137844611528,0.027149321266968326
"Coby White","CHI",65,1674,129,2,57,16,5,0,7,0.07398568019093078,0.12472647702407003,0.013123359580052493
"Malcolm Brogdon","IND",54,1666,186,20,58,12,0,0,31,0.07341772151898734,0.10357142857142858,0
"Goran Dragic","MIA",59,1663,246,3,68,12,10,2,47,0.09898477157360407,0.15384615384615385,0.028901734104046242
"Eric Paschall","GSW",60,1654,212,1,111,31,2,0,7,0.15650969529085873,0.18781725888324874,0.015267175572519083
"Eric Bledsoe","MIL",61,1646,214,0,102,31,3,0,16,0.13513513513513514,0.18246869409660108,0.013761467889908258
"Tony Snell","DET",59,1641,32,7,4,1,2,0,6,0.015503875968992248,0.030534351145038167,0.0078125
"Monte Morris","DEN",73,1636,89,2,36,12,3,1,10,0.06587837837837837,0.0861244019138756,0.017241379310344827
"Wesley Matthews","MIL",67,1635,68,6,22,3,5,1,4,0.060674157303370786,0.1527777777777778,0.016611295681063124
"De'Aaron Fox","SAC",51,1634,342,0,166,36,4,0,17,0.1791359325605901,0.21842105263157896,0.021164021164021163
"Bruce Brown","DET",58,1634,119,0,54,11,0,0,11,0.11020408163265306,0.13705583756345177,0
"Dario Saric","PHX",66,1632,128,0,59,18,0,0,14,0.10189982728842832,0.17151162790697674,0
"Jaren Jackson Jr.","MEM",57,1622,186,0,77,16,4,1,19,0.09914320685434516,0.1726457399103139,0.01078167115902965
"Ben McLemore","HOU",71,1619,67,1,21,3,5,0,6,0.045774647887323945,0.1891891891891892,0.010940919037199124
"Aaron Holiday","IND",66,1617,87,1,35,9,1,0,11,0.061016949152542375,0.09510869565217392,0.0045045045045045045
"Austin Rivers","HOU",68,1594,111,1,50,15,1,0,11,0.09497206703910614,0.18796992481203006,0.0036900369003690036
"Thaddeus Young","CHI",64,1591,72,0,28,6,0,0,11,0.0449438202247191,0.06982543640897755,0
"Davis Bertans","WAS",54,1583,122,4,11,3,23,6,21,0.05354330708661417,0.07534246575342465,0.04703476482617587
"JJ Redick","NOP",60,1581,185,17,26,3,25,7,30,0.07589285714285714,0.10116731517509728,0.060240963855421686
"Bryn Forbes","SAS",63,1579,90,0,19,4,20,4,2,0.06372549019607843,0.08837209302325581,0.05037783375314862
"Seth Curry","DAL",64,1576,97,14,18,5,10,5,17,0.0472972972972973,0.06766917293233082,0.03067484662576687
"Delon Wright","DAL",73,1570,100,0,40,10,0,0,15,0.09070294784580499,0.12738853503184713,0
"Daniel Theis","BOS",65,1566,114,0,49,15,0,0,16,0.10652173913043478,0.1346153846153846,0
"Furkan Korkmaz","PHI",72,1559,102,1,25,3,14,4,10,0.06554621848739496,0.1091703056768559,0.03825136612021858
"Cam Reddish","ATL",58,1551,126,0,56,10,0,0,12,0.09333333333333334,0.16,0
"Josh Okogie","MIN",62,1547,191,2,80,14,3,0,17,0.1777301927194861,0.25806451612903225,0.01910828025477707
"Kyle Kuzma","LAL",61,1526,155,3,71,18,6,0,5,0.10591471801925723,0.15812917594654788,0.02158273381294964
"Donte DiVincenzo","MIL",66,1520,86,0,32,4,2,1,11,0.06307977736549165,0.10996563573883161,0.008064516129032258
"Tyler Herro","MIA",55,1508,100,3,29,5,7,0,12,0.054380664652567974,0.08123249299719888,0.022950819672131147
"Joel Embiid","PHI",51,1506,435,8,176,44,0,0,62,0.18863879957127547,0.23127463863337713,0
"Jarrett Culver","MIN",63,1506,117,0,56,11,0,0,8,0.09120521172638436,0.14249363867684478,0
"Trevor Ariza","POR",53,1492,74,2,33,6,3,2,5,0.10227272727272728,0.22916666666666666,0.014423076923076924
"Lauri Markkanen","CHI",50,1492,153,3,62,9,6,2,11,0.10493827160493827,0.18960244648318042,0.018691588785046728
"Patty Mills","SAS",66,1485,112,2,19,5,18,4,16,0.05910543130990415,0.09090909090909091,0.04316546762589928
"Serge Ibaka","TOR",55,1485,124,0,59,18,0,0,12,0.0829817158931083,0.11153119092627599,0
"Norman Powell","TOR",52,1479,153,4,59,14,4,1,18,0.09752321981424149,0.15945945945945947,0.014492753623188406
"Larry Nance Jr.","CLE",56,1472,74,0,24,4,0,0,15,0.05321507760532151,0.0821917808219178,0
"Jeff Teague","ATL",59,1464,197,8,77,17,6,1,18,0.14981949458483754,0.17824074074074073,0.04918032786885246
"Rudy Gay","SAS",67,1461,136,3,56,9,4,2,11,0.09302325581395349,0.13238770685579196,0.018018018018018018
"D'Angelo Russell","MIN",45,1452,199,5,68,7,7,3,25,0.08232711306256861,0.14285714285714285,0.016091954022988506
"Landry Shamet","LAC",53,1452,76,0,14,1,14,3,7,0.06746987951807229,0.12962962962962962,0.04560260586319218
"Anfernee Simons","POR",70,1449,92,2,41,10,0,0,9,0.07231040564373897,0.12023460410557185,0
"Rui Hachimura","WAS",48,1444,140,1,66,11,0,0,9,0.11,0.1286549707602339,0
"Maurice Harkless","NYK",62,1427,66,0,31,6,0,0,5,0.10064935064935066,0.14761904761904762,0
"Damion Lee","GSW",49,1422,126,9,41,10,3,0,19,0.08073394495412844,0.1353135313531353,0.012396694214876033
"D.J. Augustin","ORL",57,1420,181,17,49,9,15,2,19,0.1245136186770428,0.16333333333333333,0.07009345794392523
"Paul George","LAC",48,1419,217,17,79,17,5,0,22,0.0989399293286219,0.17062634989200864,0.012953367875647668
"Mitchell Robinson","NYK",61,1412,148,0,74,18,0,0,9,0.18639798488664988,0.18639798488664988,0
"Bobby Portis","NYK",66,1393,93,0,44,14,1,0,8,0.07258064516129033,0.10185185185185185,0.005319148936170213
"Derrick Jones Jr.","MIA",59,1375,123,0,53,13,2,1,13,0.14102564102564102,0.20622568093385213,0.015037593984962405
"Doug McDermott","IND",69,1372,58,6,18,6,10,6,3,0.0497335701598579,0.06792452830188679,0.03355704697986577
"Brad Wanamaker","BOS",71,1369,136,0,62,10,0,0,11,0.1497584541062802,0.1987179487179487,0
"Mike Conley","UTA",47,1363,139,8,50,11,6,0,12,0.0915032679738562,0.14285714285714285,0.022900763358778626
"John Collins","ATL",41,1363,150,1,68,22,1,0,16,0.1058282208588957,0.1349206349206349,0.006756756756756757
"Shabazz Napier","WAS",56,1344,153,5,44,3,15,4,13,0.11264822134387352,0.17120622568093385,0.05220883534136546
"Patrick Beverley","LAC",51,1342,47,0,15,5,2,0,8,0.04815864022662889,0.10344827586206896,0.009615384615384616
"Cody Zeller","CHA",58,1341,179,0,89,26,1,0,13,0.16574585635359115,0.1905781584582441,0.013157894736842105
"Gary Trent Jr.","POR",61,1332,45,1,18,3,1,1,5,0.041666666666666664,0.09574468085106383,0.0037313432835820895
"Kyle Anderson","MEM",67,1330,78,0,40,7,0,0,3,0.10989010989010989,0.14336917562724014,0
"Caris LeVert","BKN",45,1330,197,4,85,26,5,1,18,0.11320754716981132,0.14886164623467601,0.022321428571428572
"Ivica Zubac","LAC",72,1326,166,0,76,12,0,0,13,0.16926503340757237,0.17002237136465326,0
"T.J. McConnell","IND",71,1326,42,0,20,8,0,0,5,0.04728132387706856,0.04926108374384237,0
"Christian Wood","DET",62,1325,242,0,100,30,3,0,33,0.17728055077452667,0.228310502283105,0.02097902097902098
"JaMychal Green","LAC",63,1307,48,1,20,3,0,0,5,0.05420054200542006,0.15267175572519084,0
"Dwight Howard","LAL",69,1306,214,0,92,23,0,0,28,0.2658959537572254,0.2697947214076246,0
"Kelly Olynyk","MIA",67,1300,100,2,22,4,7,0,20,0.06855791962174941,0.12087912087912088,0.029045643153526972
"Brandon Clarke","MEM",58,1300,112,0,54,19,0,0,12,0.10505836575875487,0.12,0
"Derrick Rose","DET",50,1298,139,1,71,22,2,0,6,0.09079601990049752,0.1083969465648855,0.013422818791946308
"Jeremy Lamb","IND",46,1291,110,1,49,9,2,0,7,0.09788867562380038,0.13573407202216067,0.0125
"Matisse Thybulle","PHI",65,1287,41,0,14,2,3,1,4,0.06093189964157706,0.11666666666666667,0.018867924528301886
"Clint Capela","HOU",39,1279,104,0,53,15,0,0,7,0.12441314553990611,0.12441314553990611,0
"Jordan Poole","GSW",57,1274,119,11,31,8,12,3,12,0.08052434456928839,0.11923076923076924,0.043795620437956206
"George Hill","MIL",59,1271,101,9,25,2,4,2,18,0.07231920199501247,0.11210762331838565,0.02247191011235955
"Trey Lyles","SAS",63,1271,45,0,20,5,2,1,3,0.06128133704735376,0.10526315789473684,0.011834319526627219
"Kris Dunn","CHI",51,1269,54,0,23,8,0,0,8,0.06442577030812324,0.09387755102040816,0
"James Ennis III","ORL",69,1266,98,0,42,6,4,2,6,0.11586901763224182,0.18584070796460178,0.023391812865497075
"Svi Mykhailiuk","DET",56,1265,70,6,19,2,8,1,3,0.06293706293706294,0.1386861313868613,0.0273972602739726
"Terrance Ferguson","OKC",56,1257,20,0,9,2,0,0,2,0.039647577092511016,0.15254237288135594,0
"Wendell Carter Jr.","CHI",43,1256,152,0,66,10,0,0,15,0.16541353383458646,0.1783783783783784,0
"Cameron Johnson","PHX",57,1255,57,1,20,8,2,1,10,0.05263157894736842,0.13793103448275862,0.007326007326007326
"Isaac Bonga","WAS",66,1250,85,0,44,15,0,0,6,0.16730038022813687,0.22916666666666666,0
"Elfrid Payton","NYK",45,1246,86,0,45,11,0,0,4,0.0949367088607595,0.1111111111111111,0
"Pat Connaughton","MIL",67,1243,40,0,17,6,0,0,6,0.05448717948717949,0.11643835616438356,0
"Derrick Favors","NOP",51,1243,71,0,40,15,0,0,3,0.10989010989010989,0.11204481792717087,0
"Richaun Holmes","SAC",44,1242,118,0,55,10,0,0,9,0.14138817480719795,0.14138817480719795,0
"Paul Millsap","DEN",51,1240,141,0,64,16,2,0,12,0.13524590163934427,0.17679558011049723,0.015873015873015872
"Deandre Ayton","PHX",38,1236,89,0,44,15,0,0,8,0.07370184254606366,0.07534246575342465,0
"DeAndre Jordan","BKN",56,1234,122,0,49,18,0,0,21,0.1540880503144654,0.1540880503144654,0
"Tyus Jones","MEM",65,1232,58,6,15,1,1,0,10,0.036036036036036036,0.047021943573667714,0.008
"Draymond Green","GSW",43,1222,83,0,33,9,0,0,13,0.09705882352941177,0.15639810426540285,0
"Terence Davis","TOR",72,1209,59,0,23,10,3,1,8,0.057649667405764965,0.1111111111111111,0.012295081967213115
"Malik Beasley","MIN",55,1209,66,4,26,5,0,0,8,0.04684684684684685,0.0931899641577061,0
"Mike Scott","PHI",68,1207,37,2,12,2,1,0,5,0.03333333333333333,0.08391608391608392,0
"Marquese Chriss","GSW",59,1196,156,0,68,11,0,0,16,0.15384615384615385,0.1687344913151365,0
"Markieff Morris","LAL",58,1188,85,1,30,6,3,1,12,0.06818181818181818,0.11811023622047244,0.013043478260869565
"Karl-Anthony Towns","MIN",35,1187,226,12,87,31,7,2,27,0.1376281112737921,0.2169576059850374,0.024822695035460994
"Frank Ntilikina","NYK",57,1187,59,6,19,3,0,0,9,0.054441260744985676,0.08962264150943396,0
"Avery Bradley","LAL",49,1186,24,0,9,2,0,0,4,0.023076923076923078,0.041474654377880185,0
"Alex Caruso","LAL",64,1175,94,0,34,9,0,0,18,0.10759493670886076,0.17346938775510204,0
"Jakob Poeltl","SAS",66,1171,86,0,40,14,0,0,11,0.136986301369863,0.136986301369863,0
"Malik Monk","CHA",55,1169,100,1,48,12,1,0,6,0.09333333333333334,0.15,0.004878048780487805
"De'Anthony Melton","MEM",60,1167,121,5,35,9,2,0,25,0.08624708624708624,0.12195121951219512,0.014084507042253521
"Kevin Knox II","NYK",65,1166,101,2,47,5,0,0,5,0.10609480812641084,0.19262295081967212,0
"Kevin Porter Jr.","CLE",50,1162,101,0,50,13,0,0,7,0.1091703056768559,0.16666666666666666,0
"Marc Gasol","TOR",44,1161,49,0,13,5,1,0,13,0.04861111111111111,0.09352517985611511,0.006711409395973154
"Thomas Bryant","WAS",46,1147,116,0,62,22,0,0,7,0.13537117903930132,0.16893732970027248,0
"JaVale McGee","LAL",68,1130,82,0,42,12,0,0,5,0.125,0.12727272727272726,0
"Darius Bazley","OKC",61,1130,62,0,31,4,0,0,2,0.09011627906976744,0.15270935960591134,0
"Marvin Williams","MIL",58,1129,57,0,13,6,3,0,14,0.05776173285198556,0.11016949152542373,0.018867924528301886
"Nerlens Noel","OKC",61,1127,106,0,41,10,0,0,17,0.13666666666666666,0.13804713804713806,0
"Rondae Hollis-Jefferson","TOR",60,1122,143,0,69,15,0,0,10,0.1801566579634465,0.19166666666666668,0
"Willie Cauley-Stein","DAL",54,1098,66,0,35,8,0,0,2,0.10638297872340426,0.10670731707317073,0
"Gorgui Dieng","MEM",63,1097,101,2,38,8,0,0,16,0.09644670050761421,0.15702479338842976,0
"Solomon Hill","MIA",59,1088,54,0,20,3,1,0,7,0.07094594594594594,0.16129032258064516,0.005813953488372093
"Jaxson Hayes","NOP",64,1080,190,0,92,23,0,0,15,0.2804878048780488,0.2839506172839506,0
"Torrey Craig","DEN",58,1072,36,0,15,6,0,0,6,0.0539568345323741,0.10714285714285714,0
"Dwight Powell","DAL",40,1061,111,0,51,13,0,0,11,0.19101123595505617,0.2236842105263158,0
"Mason Plumlee","DEN",61,1057,155,0,69,16,0,0,18,0.20234604105571846,0.20535714285714285,0
"Justin Jackson","DAL",65,1045,50,0,19,3,0,0,8,0.05322128851540616,0.0979381443298969,0
"Grant Williams","BOS",69,1043,54,0,22,7,0,0,9,0.09734513274336283,0.16923076923076924,0
"Nicolo Melli","NOP",60,1042,73,1,22,5,1,1,16,0.06764705882352941,0.16417910447761194,0.0048543689320388345
"Meyers Leonard","MIA",51,1034,28,0,15,8,0,0,3,0.06224066390041494,0.13274336283185842,0
"Bismack Biyombo","CHA",53,1029,151,0,60,12,0,0,22,0.18404907975460122,0.18404907975460122,0
"Taj Gibson","NYK",62,1025,56,0,29,10,0,0,4,0.09508196721311475,0.09965635738831616,0
"Jalen Brunson","DAL",57,1022,75,0,29,11,0,0,15,0.07142857142857142,0.10139860139860139,0
"E'Twaun Moore","NOP",56,1020,45,1,18,6,0,0,7,0.0400890868596882,0.06382978723404255,0
"Eric Gordon","HOU",36,1016,107,6,46,15,4,0,6,0.10040160642570281,0.24083769633507854,0.013029315960912053
"Ky Bowman","GSW",45,1015,41,0,18,6,1,0,4,0.05688622754491018,0.07964601769911504,0.009259259259259259
"Semi Ojeleye","BOS",69,1011,32,1,16,7,0,0,3,0.07804878048780488,0.20512820512820512,0
"Lonnie Walker IV","SAS",61,988,61,0,32,7,0,0,2,0.08376963350785341,0.11387900355871886,0
"Ersan Ilyasova","MIL",63,986,87,0,32,5,2,2,13,0.1,0.15763546798029557,0.014598540145985401
"Rajon Rondo","LAL",48,984,41,0,13,1,0,0,8,0.03823529411764706,0.06046511627906977,0
"Enes Kanter","BOS",58,983,99,0,44,12,0,0,12,0.11578947368421053,0.11796246648793565,0
"Jonathan Isaac","ORL",34,980,77,0,36,10,1,0,6,0.10306406685236769,0.13636363636363635,0.010526315789473684
"Jerome Robinson","WAS",63,979,57,3,22,4,0,0,7,0.06707317073170732,0.12571428571428572,0
"Alex Len","SAC",55,971,105,0,51,8,0,0,6,0.1408839779005525,0.16831683168316833,0
"Jeff Green","HOU",48,960,91,0,42,5,0,0,6,0.11023622047244094,0.21212121212121213,0
"Kyle Korver","MIL",58,960,41,10,3,0,6,2,6,0.03,0.05084745762711865,0.024896265560165973
"Robin Lopez","MIL",66,958,53,0,23,7,0,0,7,0.07301587301587302,0.10952380952380952,0
"Wes Iwundu","ORL",52,953,97,0,44,6,1,0,6,0.16544117647058823,0.2328042328042328,0.012048192771084338
"Jevon Carter","PHX",58,945,27,1,7,2,0,0,7,0.028225806451612902,0.06862745098039216,0
"Aron Baynes","PHX",42,934,75,1,27,8,0,0,14,0.0675,0.11637931034482758,0
"Ryan Arcidiacono","CHI",58,930,38,4,9,0,0,0,8,0.039301310043668124,0.0989010989010989,0
"Treveon Graham","ATL",55,929,56,0,26,5,1,0,3,0.10227272727272728,0.18181818181818182,0.008264462809917356
"Isaiah Thomas","WAS",40,925,76,2,19,2,1,0,18,0.04504504504504504,0.07480314960629922,0.005263157894736842
"Georges Niang","UTA",66,923,24,0,10,0,0,0,2,0.030120481927710843,0.09345794392523364,0
"Khem Birch","ORL",48,922,101,0,46,5,0,0,7,0.25,0.25136612021857924,0
"Luke Kennard","DET",28,922,75,6,15,3,7,0,11,0.060941828254847646,0.08771929824561403,0.03684210526315789
"Jabari Parker","SAC",38,918,81,0,38,9,2,1,5,0.0851528384279476,0.11209439528023599,0.008403361344537815
"DeAndre' Bembry","ATL",43,915,48,0,23,3,0,0,3,0.09274193548387097,0.12568306010928962,0
"Patrick McCaw","TOR",37,908,18,0,10,2,0,0,0,0.058823529411764705,0.10101010101010101,0
"Michael Porter Jr.","DEN",55,903,72,0,33,9,1,1,7,0.08353808353808354,0.12692307692307692,0.006802721088435374
"Cody Martin","CHA",48,903,65,0,32,9,0,0,5,0.1391304347826087,0.20915032679738563,0
"Hamidou Diallo","OKC",46,896,63,0,33,9,1,1,3,0.10625,0.12547528517110265,0.017543859649122806
"Damian Jones","ATL",55,887,84,0,38,5,0,0,7,0.18009478672985782,0.18811881188118812,0
"Omari Spellman","GSW",49,886,92,0,43,12,0,0,9,0.13190184049079753,0.19907407407407407,0
"Marco Belinelli","SAS",57,883,58,3,11,2,9,2,6,0.06060606060606061,0.07586206896551724,0.04864864864864865
"Mo Bamba","ORL",62,878,46,0,21,4,0,0,4,0.06930693069306931,0.10714285714285714,0
"Vince Carter","ATL",60,876,29,0,8,2,1,0,6,0.028938906752411574,0.07407407407407407,0.0049261083743842365
"Anthony Tolliver","MEM",55,872,29,0,13,2,1,1,2,0.07253886010362694,0.2708333333333333,0.006896551724137931
"Mario Hezonja","POR",53,871,59,0,28,5,0,0,4,0.11618257261410789,0.17177914110429449,0
"Rodney McGruder","LAC",56,871,34,0,14,4,2,0,2,0.08290155440414508,0.13725490196078433,0.02197802197802198
"Abdel Nader","OKC",55,867,66,1,29,9,4,1,3,0.11538461538461539,0.1870967741935484,0.030534351145038167
"Timothe Luwawu-Cabarrot","BKN",47,853,81,5,33,5,1,0,6,0.11409395973154363,0.24087591240875914,0.006211180124223602
"Emmanuel Mudiay","UTA",54,850,83,0,38,5,0,0,6,0.10555555555555556,0.1391941391941392,0
"Damyean Dotson","NYK",48,836,33,4,10,2,3,0,1,0.04318936877076412,0.07407407407407407,0.018072289156626505
"Moritz Wagner","WAS",45,835,95,1,40,6,0,0,10,0.13333333333333333,0.18181818181818182,0
"Juancho Hernangomez","MIN",48,833,71,0,32,6,3,1,3,0.12727272727272726,0.2222222222222222,0.022900763358778626
"Michael Carter-Williams","ORL",45,833,95,0,46,13,0,0,8,0.15699658703071673,0.21100917431192662,0
"Kenrich Williams","NOP",39,832,26,0,8,4,2,0,4,0.06535947712418301,0.14814814814814814,0.020202020202020204
"Matthew Dellavedova","CLE",57,821,37,0,10,3,1,0,9,0.060109289617486336,0.10989010989010989,0.010869565217391304
"Luguentz Dort","OKC",36,820,53,0,26,9,0,0,5,0.11063829787234042,0.19402985074626866,0
"Chris Boucher","TOR",62,819,116,0,58,16,0,0,8,0.17008797653958943,0.2600896860986547,0
"Ian Mahinmi","WAS",38,808,113,0,52,15,0,0,12,0.21052631578947367,0.23529411764705882,0
"Shake Milton","PHI",40,805,65,1,33,4,0,0,1,0.10784313725490197,0.19298245614035087,0
"Frank Jackson","NOP",59,797,75,2,28,8,3,1,9,0.08781869688385269,0.13526570048309178,0.02054794520547945
"Jordan McRae","DET",37,785,109,1,40,9,3,0,14,0.1075,0.14760147601476015,0.023255813953488372
"Frank Kaminsky","PHX",39,777,90,0,40,9,1,0,8,0.12094395280235988,0.18691588785046728,0.008
"Patrick Patterson","LAC",59,776,43,0,14,3,0,0,9,0.05737704918032787,0.19444444444444445,0
"Thon Maker","DET",60,776,110,0,48,10,0,0,12,0.2077922077922078,0.2874251497005988,0
"Dewayne Dedmon","ATL",44,774,36,0,18,8,0,0,4,0.06792452830188679,0.11392405063291139,0
"Sterling Brown","MIL",52,767,40,0,20,7,1,0,2,0.07777777777777778,0.15037593984962405,0.0072992700729927005
"Sekou Doumbouya","DET",38,754,46,0,28,10,0,0,0,0.11023622047244094,0.1794871794871795,0
"Keita Bates-Diop","DEN",44,744,75,0,37,9,2,0,2,0.14772727272727273,0.23270440251572327,0.01904761904761905
"Reggie Jackson","LAC",31,743,54,3,15,6,1,1,13,0.04776119402985075,0.07894736842105263,0.006896551724137931
"Wilson Chandler","BKN",35,734,23,0,7,1,2,1,3,0.04736842105263158,0.10294117647058823,0.01639344262295082
"Elie Okobo","PHX",55,719,71,0,26,6,1,0,11,0.13366336633663367,0.2,0.013888888888888888
"Grayson Allen","MEM",38,718,45,3,19,4,1,1,4,0.07518796992481203,0.152,0.0070921985815602835
"Bruno Fernando","ATL",56,713,51,0,24,8,0,0,6,0.11162790697674418,0.1348314606741573,0
"Tyler Johnson","BKN",39,709,50,0,20,0,0,0,5,0.07407407407407407,0.13245033112582782,0
"Dwayne Bacon","CHA",39,687,53,0,29,9,0,0,2,0.10984848484848485,0.14720812182741116,0
"Reggie Bullock","NYK",29,684,21,3,9,4,0,0,2,0.039301310043668124,0.07627118644067797,0
"Rodions Kurucs","BKN",47,684,38,0,12,2,0,0,8,0.06417112299465241,0.12371134020618557,0
"Zion Williamson","NOP",24,668,178,0,88,18,0,0,10,0.20465116279069767,0.21153846153846154,0
"Raul Neto","PHI",54,668,47,0,15,4,1,0,9,0.06837606837606838,0.10344827586206896,0.011235955056179775
"Harry Giles III","SAC",46,667,49,0,21,3,0,0,5,0.07806691449814127,0.07865168539325842,0
"Tony Bradley","UTA",58,663,46,0,21,6,0,0,5,0.10294117647058823,0.1044776119402985,0
"Kyrie Irving","BKN",20,658,102,3,32,6,5,1,14,0.08295964125560538,0.10666666666666667,0.03424657534246575
"Allen Crabbe","MIN",37,653,14,0,4,1,3,1,0,0.038461538461538464,0.06557377049180328,0.024793388429752067
"James Johnson","MIN",32,620,48,0,26,6,0,0,1,0.11063829787234042,0.18055555555555555,0
"Rodney Hood","POR",21,619,27,0,14,2,1,1,0,0.08152173913043478,0.12389380530973451,0.014084507042253521
"Daniel Gafford","CHI",43,609,60,0,27,6,0,0,6,0.17419354838709677,0.17419354838709677,0
"John Henson","DET",40,600,46,0,15,4,0,0,10,0.08241758241758242,0.10273972602739725,0
"Alfonzo McKinnie","CLE",40,593,31,0,12,2,1,0,3,0.07142857142857142,0.10344827586206896,0.015151515151515152
"Nickeil Alexander-Walker","NOP",47,591,37,0,19,3,0,0,1,0.0673758865248227,0.12751677852348994,0
"Jordan McLaughlin","MIN",30,590,39,2,16,7,0,0,6,0.0855614973262032,0.14414414414414414,0
"Nassir Little","POR",48,573,44,0,20,6,0,0,5,0.12121212121212122,0.18867924528301888,0
"Mike Muscala","OKC",47,572,22,0,7,2,0,0,5,0.03608247422680412,0.13725490196078433,0
"Skal Labissiere","POR",33,567,33,0,13,1,0,0,4,0.08176100628930817,0.08904109589041095,0
"Gary Clark","ORL",42,566,10,0,5,2,0,0,1,0.03676470588235294,0.2,0
"Luke Kornet","CHI",36,559,28,1,13,2,0,0,2,0.06565656565656566,0.14444444444444443,0
"Wayne Ellington","NYK",36,558,13,3,3,1,1,0,1,0.022598870056497175,0.09090909090909091,0.006944444444444444
"Dennis Smith Jr.","NYK",34,537,53,0,23,5,0,0,6,0.10043668122270742,0.13142857142857142,0
"Troy Daniels","DEN",47,532,16,3,5,3,2,1,1,0.037037037037037035,0.08928571428571429,0.015037593984962405
"Yogi Ferrell","SAC",50,530,42,5,13,1,0,0,6,0.065,0.10743801652892562,0
"Victor Oladipo","IND",19,528,59,0,21,3,2,1,8,0.08679245283018867,0.13125,0.01904761904761905
"Chandler Hutchison","CHI",28,527,78,0,38,8,0,0,5,0.18536585365853658,0.2275449101796407,0
"Trey Burke","DAL",33,520,29,1,10,3,0,0,6,0.046296296296296294,0.07092198581560284,0
"Blake Griffin","DET",18,512,98,0,42,11,3,1,9,0.15901060070671377,0.24705882352941178,0.02654867256637168
"Quinn Cook","LAL",44,508,14,2,6,1,1,1,0,0.0319634703196347,0.04477611940298507,0.011764705882352941
"Jake Layman","MIN",23,505,32,0,17,6,0,0,2,0.08947368421052632,0.1440677966101695,0
"Nicolas Batum","CHA",22,505,10,0,3,1,1,0,1,0.047619047619047616,0.08823529411764706,0.02
"Naz Reid","MIN",30,495,53,0,29,8,1,0,0,0.11320754716981132,0.17365269461077845,0.01020408163265306
"Kelan Martin","MIN",31,495,31,0,13,4,1,0,3,0.07329842931937172,0.13829787234042554,0.010309278350515464
"Denzel Valentine","CHI",36,488,8,2,3,0,0,0,0,0.0125,0.02912621359223301,0
"Dzanan Musa","BKN",40,487,60,3,17,4,1,0,12,0.0967741935483871,0.1588785046728972,0.012658227848101266
"Dante Exum","CLE",35,486,43,0,21,3,0,0,2,0.15328467153284672,0.22340425531914893,0
"Shaquille Harrison","CHI",43,484,50,0,23,3,0,0,4,0.12432432432432433,0.16083916083916083,0
"Marko Guduric","MEM",44,484,26,0,13,8,0,0,4,0.08024691358024691,0.16455696202531644,0
"Cheick Diallo","PHX",47,479,39,0,17,3,0,0,4,0.10897435897435898,0.1111111111111111,0
"Goga Bitadze","IND",54,471,33,0,13,1,0,0,4,0.08024691358024691,0.10833333333333334,0
"JaKarr Sampson","IND",34,471,27,0,14,5,0,0,2,0.11290322580645161,0.12612612612612611,0
"Javonte Green","BOS",48,468,42,0,20,2,0,0,2,0.1388888888888889,0.18018018018018017,0
"Jahlil Okafor","NOP",30,467,62,0,29,9,0,0,7,0.15934065934065933,0.16201117318435754,0
"Brandon Knight","DET",25,462,34,0,4,1,1,0,12,0.029239766081871343,0.10256410256410256,0.007575757575757576
"J.J. Barea","DAL",29,450,22,0,11,2,0,0,1,0.05092592592592592,0.08396946564885496,0
"Edmond Sumner","IND",31,447,29,0,14,2,1,0,0,0.0967741935483871,0.13861386138613863,0.018518518518518517
"Matt Thomas","TOR",41,440,12,3,3,0,1,1,1,0.026143790849673203,0.05555555555555555,0.010101010101010102
"Anzejs Pasecniks","WAS",26,437,58,0,14,5,0,0,19,0.112,0.11475409836065574,0
"Thabo Sefolosha","HOU",41,436,8,0,3,2,0,0,2,0.03260869565217391,0.07894736842105263,0
"Gary Payton II","WAS",29,432,8,0,4,2,0,0,1,0.03389830508474576,0.05555555555555555,0
"Brandon Goodwin","ATL",34,430,30,0,12,3,1,0,3,0.065,0.10714285714285714,0.011363636363636364
"Boban Marjanovic","DAL",41,422,57,0,29,9,0,0,4,0.12554112554112554,0.13551401869158877,0
"Jacob Evans","MIN",29,418,29,0,14,1,0,0,1,0.09523809523809523,0.12962962962962962,0
"Andre Iguodala","MIA",21,418,15,0,6,2,1,0,1,0.07526881720430108,0.13333333333333333,0.020833333333333332
"PJ Dozier","DEN",29,412,29,0,11,1,2,1,2,0.07738095238095238,0.09322033898305085,0.04
"Chris Chiozza","BKN",28,401,5,0,3,1,0,0,0,0.02112676056338028,0.04285714285714286,0
"Robert Williams III","BOS",29,388,34,0,14,6,0,0,6,0.14583333333333334,0.14583333333333334,0
"Cristiano Felicio","CHI",22,386,23,0,12,3,0,0,1,0.19047619047619047,0.19672131147540983,0
"Josh Jackson","MEM",22,381,50,0,18,4,4,1,4,0.12,0.1782178217821782,0.04054054054054054
"Al-Farouq Aminu","ORL",18,380,29,0,14,1,0,0,1,0.1414141414141414,0.2222222222222222,0
"Noah Vonleh","DEN",36,378,32,0,10,1,0,0,7,0.09900990099009901,0.11627906976744186,0
"Willy Hernangomez","CHA",31,375,59,0,22,3,0,0,9,0.13924050632911392,0.16176470588235295,0
"Romeo Langford","BOS",32,370,25,0,8,0,1,0,3,0.10112359550561797,0.13114754098360656,0.03571428571428571
"Admiral Schofield","WAS",33,368,15,0,4,0,0,0,4,0.041666666666666664,0.11428571428571428,0
"Theo Pinson","BKN",33,365,16,0,10,4,0,0,0,0.062111801242236024,0.12345679012345678,0
"Jared Dudley","LAL",45,364,2,0,0,0,0,0,1,0,0,0
"D.J. Wilson","MIL",37,363,18,0,7,2,0,0,3,0.051094890510948905,0.109375,0
"Terance Mann","LAC",41,362,27,0,14,3,0,0,1,0.15555555555555556,0.2,0
"Deonte Burton","OKC",39,356,14,0,7,4,0,0,2,0.0546875,0.09333333333333334,0
"Tim Frazier","DET",27,355,24,0,8,0,0,0,4,0.0784313725490196,0.1111111111111111,0
"Justise Winslow","MIA",11,352,27,0,10,1,0,0,4,0.07246376811594203,0.09009009009009009,0
"Carsen Edwards","BOS",37,351,19,0,4,1,2,0,3,0.045112781954887216,0.07272727272727272,0.02564102564102564
"Chris Silva","MIA",44,346,55,0,22,1,0,0,6,0.2222222222222222,0.22916666666666666,0
"Courtney Lee","DAL",24,345,7,0,3,1,0,0,1,0.03571428571428571,0.08108108108108109,0
"Marvin Bagley III","SAC",13,334,31,0,18,7,0,0,1,0.10112359550561797,0.11538461538461539,0
"Otto Porter Jr.","CHI",14,331,27,1,12,4,2,2,2,0.0945945945945946,0.13953488372093023,0.03225806451612903
"Ty Jerome","PHX",31,328,16,1,2,0,1,0,4,0.02586206896551724,0.03076923076923077,0.0196078431372549
"Caleb Martin","CHA",18,317,21,0,10,1,0,0,1,0.10752688172043011,0.17857142857142858,0
"Kyle O'Quinn","PHI",29,313,20,0,8,4,0,0,4,0.0898876404494382,0.12903225806451613,0
"Ed Davis","UTA",28,303,14,0,4,2,0,0,4,0.08333333333333333,0.08333333333333333,0
"Keldon Johnson","SAS",17,301,44,0,20,4,0,0,4,0.19047619047619047,0.24096385542168675,0
"Jalen McDaniels","CHA",16,293,17,0,9,3,0,0,1,0.11842105263157894,0.17307692307692307,0
"Allonzo Trier","NYK",24,291,43,1,11,0,2,0,7,0.1092436974789916,0.171875,0.03636363636363636
"Chris Clemons","HOU",33,291,11,1,2,0,0,0,3,0.013888888888888888,0.05405405405405406,0
"Zach Collins","POR",11,290,8,0,3,0,0,0,1,0.04225352112676056,0.057692307692307696,0
"DeMarre Carroll","HOU",24,290,42,0,20,2,0,0,2,0.23809523809523808,0.39215686274509803,0
"Caleb Swanigan","POR",27,288,17,0,3,1,0,0,7,0.061224489795918366,0.06382978723404255,0
"Dragan Bender","GSW",16,286,14,0,8,2,0,0,0,0.08163265306122448,0.14545454545454545,0
"Michael Kidd-Gilchrist","DAL",25,281,14,0,6,2,0,0,2,0.08571428571428572,0.12,0
"Drew Eubanks","SAS",22,272,26,0,11,1,0,0,3,0.14285714285714285,0.14473684210526316,0
"Juan Toscano-Anderson","GSW",13,272,5,0,3,1,0,0,0,0.046153846153846156,0.07142857142857142,0
"David Nwaba","BKN",20,268,27,0,13,1,0,0,1,0.1566265060240964,0.23636363636363636,0
"Isaiah Hartenstein","HOU",23,266,28,0,12,6,0,0,5,0.1643835616438356,0.17647058823529413,0
"Kevon Looney","GSW",20,262,12,0,9,6,0,0,0,0.10975609756097561,0.1323529411764706,0
"Jordan Bell","MEM",29,256,31,0,8,1,0,0,8,0.10810810810810811,0.12903225806451613,0
"Jusuf Nurkic","POR",8,253,35,0,14,7,0,0,7,0.1206896551724138,0.1320754716981132,0
"Evan Turner","ATL",19,251,14,1,8,3,0,0,0,0.1111111111111111,0.11940298507462686,0
"Derrick Walton Jr.","DET",26,248,9,0,2,0,1,0,1,0.07142857142857142,0.11764705882352941,0.04
"Bruno Caboclo","HOU",30,244,9,0,4,1,0,0,1,0.043478260869565216,0.06779661016949153,0
"Iman Shumpert","BKN",13,241,7,0,2,1,0,0,2,0.03076923076923077,0.0625,0
"Wenyen Gabriel","POR",30,235,22,0,11,2,0,0,1,0.19298245614035087,0.2972972972972973,0
"Justin James","SAC",36,232,21,0,8,1,0,0,3,0.08791208791208792,0.12903225806451613,0
"Norvel Pelle","PHI",24,232,14,0,5,0,0,0,2,0.09433962264150944,0.09615384615384616,0
"Garrison Mathews","WAS",18,227,34,1,4,0,9,2,1,0.19402985074626866,0.2857142857142857,0.16981132075471697
"TJ Leaf","IND",28,222,16,0,6,2,0,0,3,0.06666666666666667,0.08333333333333333,0
"Ante Zizic","CLE",22,221,19,0,8,5,0,0,4,0.10666666666666667,0.10666666666666667,0
"Tyson Chandler","HOU",26,219,13,0,6,1,0,0,1,0.2608695652173913,0.2608695652173913,0
"Dion Waiters","LAL",10,207,17,2,6,3,2,2,2,0.0784313725490196,0.10909090909090909,0.0425531914893617
"Mychal Mulder","GSW",7,204,12,1,3,1,0,0,3,0.043478260869565216,0.17647058823529413,0
"Nicolas Claxton","BKN",15,187,21,0,9,3,0,0,3,0.16666666666666666,0.19148936170212766,0
"Cameron Payne","PHX",8,183,7,0,1,0,1,0,1,0.02857142857142857,0.025,0.03333333333333333
"John Konchar","MEM",19,181,2,0,2,2,0,0,0,0.05405405405405406,0.07407407407407407,0
"Ryan Broekhoff","DAL",17,180,8,0,1,0,2,0,0,0.04838709677419355,0.1111111111111111,0.03773584905660377
"Johnathan Williams","WAS",15,180,13,0,6,1,0,0,1,0.15384615384615385,0.16216216216216217,0
"Malcolm Miller","TOR",28,162,8,0,3,0,0,0,1,0.09375,0.3,0
"Rayjon Tucker","UTA",19,161,23,0,11,2,1,0,0,0.22641509433962265,0.3142857142857143,0.05555555555555555
"CJ Miles","WAS",10,161,20,4,7,1,1,0,0,0.12121212121212122,0.23333333333333334,0.027777777777777776
"Tyrone Wallace","ATL",14,160,17,0,6,1,0,0,3,0.12244897959183673,0.17647058823529413,0
"Amir Coffey","LAC",18,159,11,0,3,1,0,0,3,0.05357142857142857,0.08108108108108109,0
"Jaylen Nowell","MIN",15,151,17,1,7,1,1,0,0,0.13333333333333333,0.21212121212121213,0.037037037037037035
"Stanley Johnson","TOR",25,150,16,0,7,2,0,0,2,0.109375,0.175,0
"Michael Frazier","HOU",13,145,14,0,3,0,0,0,4,0.09375,0.3333333333333333,0
"DaQuan Jeffries","SAC",13,141,6,0,3,0,0,0,0,0.06976744186046512,0.12,0
"Stephen Curry","GSW",5,139,26,0,10,2,2,1,2,0.13186813186813187,0.24390243902439024,0.04
"Alen Smailagic","GSW",14,139,19,0,10,3,0,0,1,0.2127659574468085,0.29411764705882354,0
"Oshae Brissett","TOR",19,135,10,0,4,0,0,0,1,0.1,0.16,0
"Juwan Morgan","UTA",21,134,4,0,2,0,0,0,0,0.07142857142857142,0.1,0
"Donta Hall","BKN",9,133,18,0,8,2,0,0,2,0.2857142857142857,0.2857142857142857,0
"Vincent Poirier","BOS",21,130,7,0,3,1,0,0,1,0.07894736842105263,0.08333333333333333,0
"Thanasis Antetokounmpo","MIL",20,129,17,0,6,2,1,0,2,0.1320754716981132,0.14285714285714285,0.09090909090909091
"Melvin Frazier Jr.","ORL",19,126,4,0,1,0,0,0,1,0.02857142857142857,0.05263157894736842,0
"Tremont Waters","BOS",11,119,8,0,1,0,0,0,3,0.02,0.038461538461538464,0
"Frank Mason","MIL",9,118,17,0,8,1,0,0,1,0.13793103448275862,0.21621621621621623,0
"Alize Johnson","IND",17,118,10,0,4,2,0,0,2,0.12903225806451613,0.17391304347826086,0
"Kadeem Allen","NYK",10,117,11,0,1,1,2,0,2,0.044444444444444446,0.03571428571428571,0.058823529411764705
"Adam Mokoka","CHI",11,112,4,0,3,2,0,0,0,0.10344827586206896,0.21428571428571427,0
"Miye Oni","UTA",10,109,5,0,3,1,0,0,0,0.08823529411764706,0.2,0
"Justin Anderson","BKN",10,107,4,0,3,2,0,0,0,0.07692307692307693,0.3,0
"Chimezie Metu","SAS",18,105,13,0,5,1,0,0,2,0.10869565217391304,0.11363636363636363,0
"Yuta Watanabe","MEM",18,105,8,0,4,0,0,0,0,0.10526315789473684,0.13333333333333333,0
"Jaylen Hoard","POR",13,103,13,0,7,3,0,0,1,0.19444444444444445,0.21212121212121213,0
"Jeremiah Martin","BKN",9,99,14,0,6,0,0,0,1,0.1016949152542373,0.14634146341463414,0
"Lance Thomas","BKN",7,98,4,0,2,1,1,1,0,0.125,0.18181818181818182,0.07692307692307693
"Jarrell Brantley","UTA",9,96,2,0,1,0,0,0,0,0.034482758620689655,0.0625,0
"Paul Watson","TOR",10,87,9,0,4,1,0,0,1,0.13793103448275862,0.23529411764705882,0
"Bol Bol","DEN",6,87,10,0,4,1,1,0,0,0.15625,0.18181818181818182,0.1
"Andre Roberson","OKC",7,87,2,0,0,0,0,0,1,0,0,0
"Gabe Vincent","MIA",9,83,0,0,0,0,0,0,0,0,0,0
"BJ Johnson","ORL",10,83,10,0,3,0,0,0,2,0.08571428571428572,0.11538461538461539,0
"Talen Horton-Tucker","LAL",6,81,4,0,2,0,0,0,0,0.0625,0.10526315789473684,0
"Devon Hall","OKC",11,81,8,0,1,0,0,0,3,0.03225806451612903,0.07142857142857142,0
"Jerian Grant","WAS",6,80,7,0,3,1,0,0,1,0.10344827586206896,0.14285714285714285,0
"JR Smith","LAL",6,79,2,0,1,0,0,0,0,0.043478260869565216,0.08333333333333333,0
"Quinndary Weatherspoon","SAS",11,78,2,0,0,0,0,0,1,0,0,0
"Amile Jefferson","ORL",18,74,14,0,6,0,0,0,1,0.3,0.3,0
"Dean Wade","CLE",12,71,1,0,1,1,0,0,0,0.07692307692307693,0.1111111111111111,0
"Mfiondu Kabengele","LAC",12,64,5,0,2,1,0,0,1,0.06060606060606061,0.15384615384615385,0
"Louis King","DET",10,62,3,0,2,1,0,0,0,0.09090909090909091,0.18181818181818182,0
"Vic Law","ORL",8,62,6,0,1,0,0,0,2,0.05263157894736842,0.08333333333333333,0
"Khyri Thomas","DET",8,61,4,0,1,0,0,0,1,0.05555555555555555,0.25,0
"Chandler Parsons","ATL",5,54,0,0,0,0,0,0,0,0,0,0
"Tyler Cook","DEN",13,54,8,0,4,0,0,0,0,0.25,0.25,0
"Ignas Brazdeikis","NYK",9,53,5,0,3,1,0,0,0,0.125,0.2,0
"Jarrod Uthoff","WAS",7,53,2,0,1,0,0,0,0,0.05263157894736842,0.1,0
"Jordan Bone","DET",10,53,0,0,0,0,0,0,0,0,0,0
"Kevin Hervey","OKC",10,52,0,0,0,0,0,0,0,0,0,0
"Zylan Cheatham","NOP",4,51,0,0,0,0,0,0,0,0,0,0
"Joakim Noah","LAC",5,50,8,0,3,0,0,0,1,0.2727272727272727,0.2727272727272727,0
"Nigel Williams-Goss","UTA",10,50,2,0,0,0,0,0,1,0,0,0
"Justin Robinson","WAS",9,49,0,0,0,0,0,0,0,0,0,0
"Luka Samanic","SAS",3,48,4,0,2,0,0,0,0,0.1111111111111111,0.2,0
"Jonah Bolden","PHX",7,47,4,0,1,0,0,0,1,0.08333333333333333,0.125,0
"Naz Mitrou-Long","IND",5,47,0,0,0,0,0,0,0,0,0,0
"Jarred Vanderbilt","MIN",11,47,2,0,1,0,0,0,0,0.1111111111111111,0.125,0
"Antonius Cleveland","DAL",11,46,5,0,2,1,0,0,1,0.13333333333333333,0.16666666666666666,0
"Vlatko Cancar","DEN",14,45,4,0,1,0,0,0,1,0.0625,0.1,0
"Justin Wright-Foreman","UTA",4,45,4,0,2,0,0,0,0,0.09090909090909091,0.16666666666666666,0
"Jeremy Pargo","GSW",3,44,1,0,1,1,0,0,0,0.045454545454545456,0.06666666666666667,0
"Udonis Haslem","MIA",4,44,4,0,0,0,0,0,2,0,0,0
"Johnathan Motley","LAC",13,41,7,0,3,1,0,0,1,0.17647058823529413,0.1875,0
"Zach Norvell Jr.","GSW",5,41,1,1,0,0,0,0,0,0,0,0
"Charles Brown Jr.","ATL",10,40,5,0,3,1,0,0,0,0.14285714285714285,0.25,0
"Chasson Randle","GSW",3,40,6,0,3,0,0,0,0,0.42857142857142855,0.6,0
"Josh Magette","ORL",8,38,2,0,0,0,0,0,1,0,0,0
"Sindarius Thornwell","NOP",2,35,4,0,2,0,0,0,0,0.15384615384615385,0.2222222222222222,0
"Joe Chealey","CHA",4,33,2,0,1,0,0,0,0,0.125,0.25,0
"Moses Brown","POR",9,33,8,0,4,0,0,0,0,0.2857142857142857,0.2857142857142857,0
"Corey Brewer","SAC",5,33,3,0,2,1,0,0,0,0.4,0.5,0
"Tacko Fall","BOS",7,33,3,0,2,1,0,0,0,0.13333333333333333,0.13333333333333333,0
"Zhaire Smith","PHI",7,32,4,0,1,0,0,0,1,0.08333333333333333,0.1111111111111111,0
"Jalen Lecque","PHX",5,32,2,0,1,0,0,0,0,0.09090909090909091,0.14285714285714285,0
"Brian Bowen II","IND",6,31,0,0,0,0,0,0,0,0,0,0